GROUP,b0,CMAX,CMAXD,TMAX,TLAG,CLST,CLSTP,TLST,LAMZHL,LAMZ,LAMZLL,LAMZUL,LAMZNPT,CORRXY,R2,R2ADJ,AUCLST,AUCALL,AUCIFO,AUCIFOD,AUCIFP,AUCIFPD,AUCPEO,AUCPEP,AUMCLST,AUMCIFO,AUMCIFP,AUMCPEO,AUMCPEP,C0,AUCPBEO,AUCPBEP,VZO,VZP,CLO,CLP,MRTIVLST,MRTIVIFO,MRTIVIFP,VSSO,VSSP
G10,6.473386754,38.55,32.125,336,NA,1.678666667,1.794259506,1344,158.1970359,0.004381543,672,1344,3,-0.996944964,0.99389926,0.987798521,34781.2679,34781.2679,35164.39012,29303.65844,35190.77189,29325.64324,1.089517619,1.163668675,14958607.1,15560963.39,15602441.59,3.870944702,4.126498313,46.5960232,40.67902741,40.64853122,7.78845002,7.782611186,0.034125432,0.034099849,430.0765328,442.5204969,443.3674158,15.10120308,15.11876184
G11,6.95366722,90,37.5,672,NA,5.236666667,3.54457479,1344,163.7744424,0.004232328,672,1344,3,-0.903158676,0.815695594,0.631391188,41969.032,41969.032,43206.33367,18002.63903,42806.53199,17836.055,2.863704379,1.956477097,25707416.45,27662695.29,27030898.07,7.068287543,4.896180735,17.038,13.24983518,13.37358514,13.12455221,13.24713206,0.055547412,0.05606621,612.532985,640.2463006,631.4666667,35.56402478,35.40394256
